s,kW,kW,kW,kW,kW,kW,kW,kW,kW,kg/s,kg/s
Time,HRR,Q_RADI,Q_CONV,Q_COND,Q_DIFF,Q_PRES,Q_PART,Q_ENTH,Q_TOTAL,MLR_FUEL,MLR_TOTAL
 0.0000000E+000, 0.0000000E+000, 0.0000000E+000,-9.7808484E-009, 0.0000000E+000, 0.0000000E+000, 0.0000000E+000, 0.0000000E+000, 0.0000000E+000,-9.7808484E-009, 0.0000000E+000, 0.0000000E+000
 4.1666668E-002, 0.0000000E+000, 0.0000000E+000,-6.3461031E-003, 0.0000000E+000, 0.0000000E+000, 0.0000000E+000, 0.0000000E+000, 0.0000000E+000,-6.3461031E-003, 0.0000000E+000, 0.0000000E+000
 8.3333336E-002, 0.0000000E+000, 0.0000000E+000,-6.2899831E-003,-9.4706971E-009, 0.0000000E+000, 0.0000000E+000, 0.0000000E+000, 6.7549128E-005,-6.2899926E-003, 0.0000000E+000, 0.0000000E+000
 1.0000000E-001, 0.0000000E+000, 0.0000000E+000,-5.2738092E-003,-1.0191933E-008, 0.0000000E+000, 0.0000000E+000, 0.0000000E+000, 2.7423181E-005,-5.2738194E-003, 0.0000000E+000, 0.0000000E+000
