s,kW,kW,kW,kW,kW,kW,kW,kW,kW,kg/s,kg/s
Time,HRR,Q_RADI,Q_CONV,Q_COND,Q_DIFF,Q_PRES,Q_PART,Q_ENTH,Q_TOTAL,MLR_FUEL,MLR_TOTAL
 0.0000000E+000, 0.0000000E+000, 0.0000000E+000, 7.1406509E-008, 0.0000000E+000, 0.0000000E+000, 0.0000000E+000, 0.0000000E+000, 0.0000000E+000, 7.1406509E-008, 0.0000000E+000, 0.0000000E+000
 1.0000000E-001, 0.0000000E+000, 0.0000000E+000,-7.2314928E-003, 0.0000000E+000, 0.0000000E+000, 0.0000000E+000, 0.0000000E+000, 0.0000000E+000,-7.2314928E-003, 0.0000000E+000, 0.0000000E+000
